Module,Feature,Status,Notes,Files
"AI","AI Assistant","Complete","Fully functional","3 file(s)"
"AI","Deal Categorization","Complete","Fully functional","1 file(s)"
"AI","Email Draft Generation","Complete","Fully functional","1 file(s)"
"AI","Call Transcription","In Progress","Implementation in progress","1 file(s)"
"Analytics","Dashboard Analytics","Complete","Fully functional","2 file(s)"
"Analytics","Revenue Forecasting","Complete","Fully functional","1 file(s)"
"Analytics","Natural Language Queries","Complete","Fully functional","1 file(s)"
"Analytics","Custom Metrics","Complete","Fully functional","1 file(s)"
"Automation","Workflow Builder","Complete","Fully functional","1 file(s)"
"Automation","Trigger System","Planned","Not yet implemented","0 file(s)"
"Automation","Action Executor","Planned","Not yet implemented","0 file(s)"
"Automation","Automation Testing","Planned","Not yet implemented","0 file(s)"
"Communications","Email Sending","In Progress","Implementation in progress","1 file(s)"
"Communications","SMS Messaging","In Progress","Implementation in progress","1 file(s)"
"Communications","WhatsApp Messaging","In Progress","Implementation in progress","1 file(s)"
"Communications","Voice Calls","In Progress","Implementation in progress","1 file(s)"
"Communications","Webhook Handling","In Progress","Implementation in progress","12 file(s)"
"CRM","Contact Management","Complete","Fully functional","1 file(s)"
"CRM","Deal/Pipeline Management","Complete","Fully functional","1 file(s)"
"CRM","Calendar & Scheduling","Complete","Fully functional","1 file(s)"
"CRM","Activity Timeline","Complete","Fully functional","6 file(s)"
"CRM","Task Management","In Progress","Implementation in progress","1 file(s)"
"CRM","Kanban Board","In Progress","Implementation in progress","12 file(s)"
"Data","Contact Import","Complete","Fully functional","1 file(s)"
"Data","Contact Export","Complete","Fully functional","1 file(s)"
"Data","Deal Export","Complete","Fully functional","1 file(s)"
"Forms","Form Builder","Complete","Fully functional","4 file(s)"
"Forms","Form Templates","Complete","Fully functional","1 file(s)"
"Forms","Form Submissions","Complete","Fully functional","1 file(s)"
"Forms","Form Analytics","Planned","Not yet implemented","0 file(s)"
"Integrations","PMS Integration (Dentrix/OpenDental)","Complete","Fully functional","4 file(s)"
"Integrations","Stripe Billing","Complete","Fully functional","2 file(s)"
"Integrations","Google OAuth","Complete","Fully functional","2 file(s)"
"Integrations","Integration Health Dashboard","Complete","Fully functional","1 file(s)"
"Marketing","Campaign Management","Complete","Fully functional","2 file(s)"
"Marketing","Email Templates","Complete","Fully functional","2 file(s)"
"Marketing","Marketing Automation","Complete","Fully functional","3 file(s)"
"Marketing","Audience Segmentation","Complete","Fully functional","1 file(s)"
"Marketing","Marketing Audit Tool","Complete","Fully functional","4 file(s)"
"Marketing","Social Media Integration","Complete","Fully functional","2 file(s)"
"Marketing","Landing Page Builder","Planned","Not yet implemented","0 file(s)"
"Settings","User Management","Complete","Fully functional","2 file(s)"
"Settings","Role-Based Access Control","Complete","Fully functional","1 file(s)"
"Settings","Branding Customization","Complete","Fully functional","1 file(s)"
"Settings","Multi-Location Support","Complete","Fully functional","1 file(s)"